<?xml version="1.0" encoding="UTF-8"?>
<beans xmlns="http://www.springframework.org/schema/beans"
	xmlns:xsi="http://www.w3.org/2001/XMLSchema-instance"
	xmlns:mybatis-spring="http://mybatis.org/schema/mybatis-spring"
	xmlns:jdbc="http://www.springframework.org/schema/jdbc"
	xsi:schemaLocation="http://www.springframework.org/schema/jdbc http://www.springframework.org/schema/jdbc/spring-jdbc-4.3.xsd
		http://mybatis.org/schema/mybatis-spring http://mybatis.org/schema/mybatis-spring-1.2.xsd
		http://www.springframework.org/schema/beans http://www.springframework.org/schema/beans/spring-beans.xsd">

<bean id="dataSource" class="org.springframework.jdbc.datasource.DriverManagerDataSource">
	<property name="driverClassName" value="net.sf.log4jdbc.sql.jdbcapi.DriverSpy"/>
	<property name="url" value="jdbc:log4jdbc:oracle:thin:@localhost:1521:orcl"/>
	<property name="username" value="java"/>
	<property name="password" value="123"/> 
</bean>

<bean id="sqlSessionFactory" class="org.mybatis.spring.SqlSessionFactoryBean">
	<property name="dataSource" ref="dataSource"/>
	<property name="mapperLocations" value="classpath:mappers/*.xml"/>
	<property name="configLocation" value="classpath:mybatis-config.xml"/>
</bean>

<bean id="SqlSessionTemplate" class="org.mybatis.spring.SqlSessionTemplate">
	<constructor-arg ref="sqlSessionFactory"></constructor-arg>
</bean>
</beans>
