<?xml version="1.0" encoding="UTF-8"?>
<!DOCTYPE mapper
    PUBLIC "-//mybatis.org//DTD Mapper 3.0//EN"
    "http://mybatis.org/dtd/mybatis-3-mapper.dtd">
    
<mapper namespace="com.mnet.chat.dao.ChatRoomDAO">
	<select id="overlap_room" resultType="int">
		select count(*) from chat_room where (sender_num=#{sender_num} and receiver_num=#{receiver_num}) or (sender_num=#{receiver_num} and receiver_num=#{sender_num}) 
	</select>
	<insert id="make_room" parameterType="ChatRoomDTO">
		INSERT INTO CHAT_ROOM VALUES(CHAT_ROOM_SEQ.NEXTVAL,#{sender_num},'test',default,#{sender_num},#{receiver_num})
	</insert>
	<select id="max_cr_num" resultType="int">
		select * from(select cr_num from chat_room where sender_num=23 order by cr_made_date desc) where rownum=1
	</select>
	<select id="find_cr_num" parameterType="ChatRoomDTO" resultType="int">
		select cr_num from chat_room where (sender_num=#{sender_num} and receiver_num=#{receiver_num}) or (sender_num=#{receiver_num} and receiver_num=#{sender_num})
	</select>
</mapper>