<?xml version="1.0" encoding="UTF-8"?>
<!DOCTYPE mapper
    PUBLIC "-//mybatis.org//DTD Mapper 3.0//EN"
    "http://mybatis.org/dtd/mybatis-3-mapper.dtd">
    
<mapper namespace="com.mnet.chat.dao.MemberDAO">
	<select id="member_list" parameterType="int" resultType="MemberDTO">
		SELECT * FROM MN_MEMBER WHERE MEMBER_NUM IN (SELECT RECEIVER_NUM FROM MN_FRIEND WHERE SENDER_NUM=#{member_num})
	</select>
	<select id="login_ok" parameterType="MemberDTO" resultType="int">
		select count(*) from mn_member where id=#{id} and password=#{password}
	</select>
	<select id="member_info" parameterType="String" resultType="MemberDTO">
		select * from mn_member where id=#{id}
	</select>
	<select id="find_member" parameterType="String" resultType="MemberDTO">
		SELECT * FROM MN_MEMBER WHERE ID=#{search}
	</select>
</mapper>